SE_ID,SC_GRAD_VLUE,NGST_QY
1,흑미밥,187
2,어묵국,286
3,떡볶이,85
4,김말이,69
5,오징어튀김,47
6,찹쌀콩멸치볶음,127
7,배추김치,28
8,흑미밥,140
9,어묵국,57
10,떡볶이,56
11,김말이,69
12,오징어튀김,70
13,찹쌀콩멸치볶음,50
14,배추김치,28
15,흑미밥,140
16,어묵국,57
17,떡볶이,56
18,김말이,92
19,오징어튀김,47
20,찹쌀콩멸치볶음,25
21,배추김치,5
22,흑미밥,140
23,어묵국,57
24,떡볶이,56
25,김말이,69
26,오징어튀김,47
27,찹쌀콩멸치볶음,50
28,배추김치,22
29,흑미밥,187
30,어묵국,57
31,떡볶이,56
32,김말이,46
33,오징어튀김,47
34,찹쌀콩멸치볶음,25
35,배추김치,17
36,흑미밥,140
37,어묵국,57
38,떡볶이,56
39,김말이,69
40,오징어튀김,47
41,찹쌀콩멸치볶음,50
42,배추김치,22
43,흑미밥,140
44,어묵국,57
45,떡볶이,56
46,김말이,92
47,오징어튀김,94
48,찹쌀콩멸치볶음,76
49,배추김치,22
50,흑미밥,140
51,어묵국,114
52,떡볶이,56
53,김말이,69
54,오징어튀김,47
55,찹쌀콩멸치볶음,50
56,배추김치,28
57,흑미밥,140
58,어묵국,57
59,떡볶이,56
60,김말이,69
61,오징어튀김,47
62,찹쌀콩멸치볶음,50
63,배추김치,17
64,흑미밥,140
65,어묵국,57
66,떡볶이,0
67,김말이,69
68,오징어튀김,23
69,찹쌀콩멸치볶음,50
70,배추김치,11
71,흑미밥,187
72,어묵국,229
73,떡볶이,113
74,김말이,115
75,오징어튀김,117
76,찹쌀콩멸치볶음,76
77,배추김치,28
78,흑미밥,187
79,어묵국,229
80,떡볶이,141
81,김말이,115
82,오징어튀김,94
83,찹쌀콩멸치볶음,127
84,배추김치,28
85,흑미밥,187
86,어묵국,114
87,떡볶이,141
88,김말이,115
89,오징어튀김,117
90,찹쌀콩멸치볶음,50
91,배추김치,0
92,흑미밥,187
93,어묵국,57
94,떡볶이,113
95,김말이,115
96,오징어튀김,94
97,찹쌀콩멸치볶음,0
98,배추김치,0
99,흑미밥,140
100,어묵국,286
101,떡볶이,113
102,김말이,115
103,오징어튀김,23
104,찹쌀콩멸치볶음,50
105,배추김치,5
106,흑미밥,140
107,어묵국,229
108,떡볶이,141
109,김말이,115
110,오징어튀김,94
111,찹쌀콩멸치볶음,0
112,배추김치,0
113,흑미밥,140
114,어묵국,229
115,떡볶이,141
116,김말이,115
117,오징어튀김,94
118,찹쌀콩멸치볶음,101
119,배추김치,28
120,흑미밥,187
121,어묵국,172
122,떡볶이,141
123,김말이,115
124,오징어튀김,117
125,찹쌀콩멸치볶음,127
126,배추김치,28
127,흑미밥,140
128,어묵국,229
129,떡볶이,56
130,김말이,115
131,오징어튀김,117
132,찹쌀콩멸치볶음,76
133,배추김치,22
134,흑미밥,140
135,어묵국,229
136,떡볶이,141
137,김말이,115
138,오징어튀김,117
139,찹쌀콩멸치볶음,76
140,배추김치,28
141,흑미밥,140
142,어묵국,114
143,떡볶이,113
144,김말이,115
145,오징어튀김,117
146,찹쌀콩멸치볶음,0
147,배추김치,5
148,흑미밥,93
149,어묵국,0
150,떡볶이,56
151,김말이,92
152,오징어튀김,117
153,찹쌀콩멸치볶음,0
154,배추김치,5
155,흑미밥,187
156,어묵국,286
157,떡볶이,141
158,김말이,92
159,오징어튀김,117
160,찹쌀콩멸치볶음,76
161,배추김치,28
162,흑미밥,140
163,어묵국,229
164,떡볶이,113
165,김말이,115
166,오징어튀김,117
167,찹쌀콩멸치볶음,0
168,배추김치,0
169,흑미밥,187
170,어묵국,172
171,떡볶이,113
172,김말이,115
173,오징어튀김,94
174,찹쌀콩멸치볶음,76
175,배추김치,28
176,흑미밥,140
177,어묵국,286
178,떡볶이,85
179,김말이,115
180,오징어튀김,70
181,찹쌀콩멸치볶음,76
182,배추김치,22
183,흑미밥,187
184,어묵국,286
185,떡볶이,141
186,김말이,115
187,오징어튀김,94
188,찹쌀콩멸치볶음,76
189,배추김치,28
190,흑미밥,140
191,어묵국,229
192,떡볶이,141
193,김말이,115
194,오징어튀김,117
195,찹쌀콩멸치볶음,101
196,배추김치,0
197,흑미밥,93
198,어묵국,229
199,떡볶이,113
200,김말이,69
201,오징어튀김,94
202,찹쌀콩멸치볶음,0
203,배추김치,0
204,흑미밥,140
205,어묵국,229
206,떡볶이,85
207,김말이,0
208,오징어튀김,117
209,찹쌀콩멸치볶음,101
210,배추김치,0
211,흑미밥,234
212,어묵국,229
213,떡볶이,113
214,김말이,115
215,오징어튀김,94
216,찹쌀콩멸치볶음,127
217,배추김치,0
218,흑미밥,93
219,어묵국,57
220,떡볶이,56
221,김말이,115
222,오징어튀김,117
223,찹쌀콩멸치볶음,50
224,배추김치,0
225,흑미밥,187
226,어묵국,229
227,떡볶이,141
228,김말이,92
229,오징어튀김,94
230,찹쌀콩멸치볶음,101
231,배추김치,0
232,흑미밥,140
233,어묵국,229
234,떡볶이,113
235,김말이,115
236,오징어튀김,70
237,찹쌀콩멸치볶음,101
238,배추김치,0
239,흑미밥,187
240,어묵국,229
241,떡볶이,141
242,김말이,115
243,오징어튀김,117
244,찹쌀콩멸치볶음,76
245,배추김치,11
246,흑미밥,234
247,어묵국,229
248,떡볶이,85
249,김말이,115
250,오징어튀김,117
251,찹쌀콩멸치볶음,127
252,배추김치,22
253,흑미밥,93
254,어묵국,286
255,떡볶이,141
256,김말이,115
257,오징어튀김,117
258,찹쌀콩멸치볶음,0
259,배추김치,0
260,흑미밥,140
261,어묵국,229
262,떡볶이,113
263,김말이,115
264,오징어튀김,70
265,찹쌀콩멸치볶음,127
266,배추김치,28
267,흑미밥,140
268,어묵국,229
269,떡볶이,113
270,김말이,115
271,오징어튀김,117
272,찹쌀콩멸치볶음,101
273,배추김치,28
274,흑미밥,187
275,어묵국,229
276,떡볶이,141
277,김말이,69
278,오징어튀김,117
279,찹쌀콩멸치볶음,127
280,배추김치,28
281,흑미밥,140
282,어묵국,57
283,떡볶이,141
284,김말이,115
285,오징어튀김,94
286,배추김치,28
287,흑미밥,140
288,어묵국,286
289,떡볶이,141
290,김말이,115
291,오징어튀김,117
292,찹쌀콩멸치볶음,76
293,배추김치,5
294,흑미밥,187
295,어묵국,229
296,떡볶이,113
297,김말이,115
298,오징어튀김,94
299,찹쌀콩멸치볶음,25
300,배추김치,0
301,흑미밥,187
302,어묵국,286
303,떡볶이,141
304,찹쌀콩멸치볶음,76
305,배추김치,28
306,흑미밥,187
307,어묵국,172
308,떡볶이,141
309,김말이,115
310,오징어튀김,70
311,찹쌀콩멸치볶음,0
312,흑미밥,140
313,어묵국,57
314,떡볶이,113
315,김말이,115
316,오징어튀김,94
317,찹쌀콩멸치볶음,101
318,배추김치,0
319,흑미밥,93
320,어묵국,286
321,떡볶이,141
322,김말이,115
323,오징어튀김,117
324,찹쌀콩멸치볶음,0
325,배추김치,0
326,흑미밥,140
327,어묵국,286
328,떡볶이,141
329,김말이,115
330,오징어튀김,117
331,찹쌀콩멸치볶음,25
332,배추김치,11
333,흑미밥,234
334,어묵국,0
335,떡볶이,141
336,김말이,115
337,오징어튀김,23
338,찹쌀콩멸치볶음,101
339,배추김치,28
340,흑미밥,187
341,어묵국,229
342,떡볶이,113
343,김말이,115
344,오징어튀김,117
345,찹쌀콩멸치볶음,127
346,배추김치,28
347,흑미밥,140
348,어묵국,229
349,떡볶이,113
350,김말이,115
351,오징어튀김,117
352,찹쌀콩멸치볶음,101
353,배추김치,17
354,흑미밥,187
355,어묵국,114
356,떡볶이,56
357,김말이,115
358,오징어튀김,117
359,찹쌀콩멸치볶음,0
360,배추김치,22
361,흑미밥,140
362,어묵국,286
363,떡볶이,141
364,김말이,115
365,오징어튀김,94
366,찹쌀콩멸치볶음,25
367,배추김치,28
368,흑미밥,140
369,어묵국,286
370,떡볶이,141
371,김말이,115
372,오징어튀김,117
373,찹쌀콩멸치볶음,127
374,배추김치,28
375,흑미밥,140
376,어묵국,229
377,떡볶이,113
378,김말이,23
379,오징어튀김,117
380,찹쌀콩멸치볶음,76
381,배추김치,0
382,흑미밥,187
383,어묵국,229
384,떡볶이,113
385,김말이,115
386,오징어튀김,94
387,찹쌀콩멸치볶음,0
388,배추김치,0
389,흑미밥,187
390,어묵국,229
391,떡볶이,141
392,김말이,115
393,오징어튀김,117
394,찹쌀콩멸치볶음,101
395,배추김치,28
396,흑미밥,140
397,어묵국,286
398,떡볶이,141
399,김말이,115
400,오징어튀김,70
401,찹쌀콩멸치볶음,127
402,배추김치,28
403,흑미밥,187
404,어묵국,172
405,떡볶이,141
406,김말이,115
407,오징어튀김,117
408,찹쌀콩멸치볶음,0
409,배추김치,5
410,흑미밥,140
411,어묵국,229
412,떡볶이,113
413,김말이,115
414,오징어튀김,117
415,찹쌀콩멸치볶음,25
416,배추김치,28
417,흑미밥,140
418,어묵국,229
419,떡볶이,141
420,김말이,115
421,오징어튀김,94
422,배추김치,28
423,흑미밥,93
424,어묵국,114
425,떡볶이,113
426,김말이,115
427,오징어튀김,117
428,찹쌀콩멸치볶음,25
429,배추김치,5
430,흑미밥,140
431,어묵국,57
432,떡볶이,113
433,김말이,115
434,오징어튀김,117
435,찹쌀콩멸치볶음,50
436,배추김치,28
437,흑미밥,187
438,어묵국,172
439,떡볶이,113
440,김말이,115
441,오징어튀김,70
442,찹쌀콩멸치볶음,127
443,배추김치,28
444,흑미밥,140
445,어묵국,286
446,떡볶이,141
447,김말이,92
448,오징어튀김,117
449,찹쌀콩멸치볶음,127
450,배추김치,28
451,흑미밥,140
452,어묵국,229
453,떡볶이,113
454,김말이,115
455,오징어튀김,117
456,찹쌀콩멸치볶음,76
457,배추김치,11
458,흑미밥,140
459,어묵국,0
460,떡볶이,113
461,김말이,115
462,오징어튀김,70
463,배추김치,28
464,흑미밥,187
465,어묵국,229
466,떡볶이,141
467,김말이,115
468,오징어튀김,117
469,찹쌀콩멸치볶음,101
470,배추김치,28
471,흑미밥,187
472,어묵국,286
473,떡볶이,141
474,김말이,115
475,오징어튀김,117
476,찹쌀콩멸치볶음,76
477,배추김치,28
478,흑미밥,140
479,어묵국,114
480,떡볶이,56
481,김말이,0
482,오징어튀김,23
483,찹쌀콩멸치볶음,127
484,배추김치,22
485,흑미밥,93
486,어묵국,286
487,떡볶이,141
488,김말이,115
489,오징어튀김,94
490,찹쌀콩멸치볶음,76
491,배추김치,0
492,흑미밥,140
493,어묵국,229
494,떡볶이,141
495,김말이,115
496,오징어튀김,117
497,찹쌀콩멸치볶음,101
498,배추김치,28
499,흑미밥,93
500,떡볶이,113
501,김말이,115
502,오징어튀김,47
503,찹쌀콩멸치볶음,76
504,배추김치,0
505,흑미밥,140
506,어묵국,57
507,떡볶이,141
508,김말이,115
509,오징어튀김,117
510,찹쌀콩멸치볶음,101
511,배추김치,0
512,흑미밥,187
513,어묵국,172
514,떡볶이,141
515,김말이,115
516,오징어튀김,117
517,찹쌀콩멸치볶음,0
518,배추김치,0
519,흑미밥,93
520,어묵국,172
521,떡볶이,113
522,김말이,115
523,오징어튀김,94
524,찹쌀콩멸치볶음,127
525,배추김치,28
526,흑미밥,187
527,어묵국,114
528,떡볶이,113
529,김말이,115
530,오징어튀김,117
531,찹쌀콩멸치볶음,127
532,배추김치,28
533,흑미밥,93
534,어묵국,229
535,떡볶이,113
536,김말이,92
537,오징어튀김,94
538,찹쌀콩멸치볶음,25
539,배추김치,0
540,흑미밥,140
541,어묵국,172
542,떡볶이,113
543,김말이,115
544,오징어튀김,117
545,찹쌀콩멸치볶음,101
546,배추김치,28
547,흑미밥,187
548,어묵국,114
549,떡볶이,113
550,김말이,115
551,오징어튀김,117
552,찹쌀콩멸치볶음,127
553,배추김치,28
554,흑미밥,140
555,어묵국,286
556,떡볶이,141
557,김말이,115
558,오징어튀김,117
559,찹쌀콩멸치볶음,127
560,배추김치,28
561,흑미밥,0
562,어묵국,57
563,떡볶이,113
564,김말이,115
565,오징어튀김,94
566,찹쌀콩멸치볶음,76
567,배추김치,17
568,흑미밥,187
569,어묵국,286
570,떡볶이,113
571,김말이,115
572,오징어튀김,117
573,찹쌀콩멸치볶음,101
574,배추김치,28
575,흑미밥,140
576,어묵국,229
577,떡볶이,141
578,김말이,115
579,오징어튀김,117
580,찹쌀콩멸치볶음,101
581,배추김치,28
582,흑미밥,187
583,어묵국,286
584,떡볶이,113
585,김말이,115
586,오징어튀김,117
587,찹쌀콩멸치볶음,101
588,배추김치,28
589,흑미밥,140
590,어묵국,172
591,떡볶이,113
592,김말이,115
593,오징어튀김,117
594,찹쌀콩멸치볶음,0
595,배추김치,28
596,흑미밥,140
597,어묵국,114
598,떡볶이,141
599,김말이,115
600,오징어튀김,117
601,찹쌀콩멸치볶음,25
602,배추김치,28
603,흑미밥,187
604,어묵국,229
605,떡볶이,113
606,김말이,115
607,오징어튀김,117
608,찹쌀콩멸치볶음,50
609,배추김치,5
610,흑미밥,93
611,어묵국,57
612,떡볶이,141
613,김말이,115
614,오징어튀김,94
615,찹쌀콩멸치볶음,101
616,배추김치,28
617,흑미밥,140
618,어묵국,57
619,떡볶이,113
620,김말이,115
621,오징어튀김,94
622,찹쌀콩멸치볶음,76
623,배추김치,28
624,흑미밥,140
625,어묵국,229
626,떡볶이,141
627,김말이,115
628,오징어튀김,117
629,찹쌀콩멸치볶음,0
630,배추김치,5
631,흑미밥,187
632,어묵국,286
633,떡볶이,141
634,김말이,115
635,오징어튀김,70
636,찹쌀콩멸치볶음,127
637,배추김치,28
638,흑미밥,140
639,어묵국,57
640,떡볶이,141
641,김말이,115
642,오징어튀김,0
643,찹쌀콩멸치볶음,0
644,배추김치,0
645,흑미밥,140
646,어묵국,229
647,떡볶이,141
648,김말이,115
649,오징어튀김,117
650,찹쌀콩멸치볶음,25
651,배추김치,28
652,흑미밥,93
653,어묵국,286
654,떡볶이,141
655,김말이,115
656,오징어튀김,117
657,찹쌀콩멸치볶음,127
658,배추김치,28
659,흑미밥,140
660,어묵국,172
661,떡볶이,113
662,김말이,115
663,오징어튀김,117
664,찹쌀콩멸치볶음,127
665,배추김치,28
666,흑미밥,93
667,어묵국,172
668,떡볶이,141
669,김말이,115
670,오징어튀김,117
671,찹쌀콩멸치볶음,25
672,배추김치,28
673,흑미밥,187
674,어묵국,172
675,떡볶이,141
676,김말이,46
677,오징어튀김,117
678,찹쌀콩멸치볶음,0
679,배추김치,0
680,흑미밥,187
681,어묵국,229
682,떡볶이,85
683,김말이,115
684,오징어튀김,117
685,찹쌀콩멸치볶음,101
686,배추김치,17
687,흑미밥,140
688,어묵국,57
689,떡볶이,56
690,김말이,115
691,오징어튀김,117
692,찹쌀콩멸치볶음,101
693,배추김치,11
694,흑미밥,140
695,어묵국,229
696,떡볶이,141
697,김말이,115
698,오징어튀김,117
699,찹쌀콩멸치볶음,127
700,배추김치,28
701,흑미밥,93
702,어묵국,172
703,떡볶이,141
704,김말이,115
705,오징어튀김,94
706,찹쌀콩멸치볶음,50
707,배추김치,0
708,흑미밥,140
709,어묵국,229
710,떡볶이,141
711,김말이,115
712,오징어튀김,94
713,찹쌀콩멸치볶음,127
714,배추김치,28
715,흑미밥,140
716,어묵국,172
717,떡볶이,141
718,김말이,115
719,오징어튀김,94
720,찹쌀콩멸치볶음,101
721,배추김치,28
722,흑미밥,140
723,어묵국,229
724,떡볶이,141
725,김말이,115
726,오징어튀김,47
727,찹쌀콩멸치볶음,127
728,배추김치,28
729,흑미밥,46
730,어묵국,57
731,떡볶이,56
732,김말이,115
733,오징어튀김,47
734,찹쌀콩멸치볶음,76
735,배추김치,0
736,흑미밥,46
737,어묵국,172
738,떡볶이,141
739,김말이,115
740,오징어튀김,47
741,찹쌀콩멸치볶음,127
742,배추김치,0
743,흑미밥,140
744,어묵국,286
745,떡볶이,141
746,김말이,115
747,오징어튀김,117
748,찹쌀콩멸치볶음,101
749,배추김치,5
750,흑미밥,93
751,어묵국,57
752,떡볶이,85
753,김말이,115
754,오징어튀김,117
755,찹쌀콩멸치볶음,127
756,배추김치,0
757,흑미밥,187
758,어묵국,229
759,떡볶이,141
760,김말이,115
761,오징어튀김,47
762,찹쌀콩멸치볶음,101
763,배추김치,28
764,흑미밥,140
765,어묵국,172
766,떡볶이,113
767,김말이,115
768,오징어튀김,117
769,찹쌀콩멸치볶음,50
770,배추김치,5
771,흑미밥,93
772,어묵국,286
773,떡볶이,141
774,김말이,92
775,오징어튀김,117
776,찹쌀콩멸치볶음,127
777,배추김치,28
778,흑미밥,140
779,어묵국,229
780,떡볶이,141
781,김말이,115
782,오징어튀김,117
783,찹쌀콩멸치볶음,101
784,배추김치,5
785,흑미밥,93
786,어묵국,0
787,떡볶이,113
788,김말이,69
789,오징어튀김,70
790,찹쌀콩멸치볶음,101
791,배추김치,5
792,흑미밥,140
793,어묵국,172
794,떡볶이,113
795,김말이,115
796,찹쌀콩멸치볶음,127
797,배추김치,28
798,흑미밥,140
799,어묵국,229
800,떡볶이,113
801,김말이,115
802,오징어튀김,117
803,찹쌀콩멸치볶음,101
804,배추김치,28
805,흑미밥,140
806,어묵국,172
807,떡볶이,141
808,김말이,115
809,오징어튀김,117
810,찹쌀콩멸치볶음,127
811,배추김치,5
812,흑미밥,187
813,어묵국,114
814,떡볶이,113
815,김말이,115
816,오징어튀김,117
817,찹쌀콩멸치볶음,127
818,배추김치,11
819,흑미밥,187
820,어묵국,172
821,떡볶이,56
822,김말이,115
823,오징어튀김,117
824,찹쌀콩멸치볶음,101
825,배추김치,28
826,흑미밥,140
827,어묵국,172
828,떡볶이,141
829,김말이,92
830,오징어튀김,117
831,찹쌀콩멸치볶음,127
832,배추김치,28
833,흑미밥,93
834,어묵국,229
835,떡볶이,85
836,김말이,115
837,오징어튀김,117
838,찹쌀콩멸치볶음,127
839,배추김치,28
840,흑미밥,93
841,어묵국,0
842,떡볶이,141
843,김말이,115
844,오징어튀김,47
845,찹쌀콩멸치볶음,127
846,배추김치,28
847,흑미밥,140
848,어묵국,229
849,떡볶이,85
850,김말이,115
851,오징어튀김,117
852,찹쌀콩멸치볶음,25
853,배추김치,17
854,흑미밥,140
855,어묵국,57
856,떡볶이,141
857,김말이,115
858,오징어튀김,117
859,찹쌀콩멸치볶음,0
860,배추김치,28
861,흑미밥,187
862,어묵국,172
863,떡볶이,85
864,김말이,69
865,오징어튀김,117
866,찹쌀콩멸치볶음,76
867,배추김치,11
868,흑미밥,140
869,어묵국,229
870,떡볶이,85
871,김말이,115
872,오징어튀김,117
873,찹쌀콩멸치볶음,127
874,배추김치,28
875,흑미밥,140
876,어묵국,114
877,떡볶이,85
878,김말이,92
879,오징어튀김,117
880,찹쌀콩멸치볶음,25
881,배추김치,28
882,흑미밥,93
883,어묵국,57
884,떡볶이,85
885,김말이,115
886,오징어튀김,23
887,찹쌀콩멸치볶음,25
888,배추김치,0
889,흑미밥,140
890,어묵국,172
891,떡볶이,141
892,김말이,115
893,오징어튀김,70
894,찹쌀콩멸치볶음,25
895,배추김치,28
896,흑미밥,187
897,어묵국,286
898,떡볶이,141
899,김말이,92
900,오징어튀김,117
901,찹쌀콩멸치볶음,127
902,배추김치,28
903,흑미밥,140
904,어묵국,172
905,떡볶이,85
906,김말이,115
907,오징어튀김,117
908,찹쌀콩멸치볶음,127
909,배추김치,28
910,흑미밥,187
911,어묵국,229
912,떡볶이,141
913,김말이,115
914,오징어튀김,117
915,찹쌀콩멸치볶음,50
916,배추김치,28
917,흑미밥,93
918,어묵국,229
919,떡볶이,113
920,김말이,115
921,오징어튀김,117
922,찹쌀콩멸치볶음,101
923,배추김치,28
924,흑미밥,140
925,어묵국,172
926,떡볶이,85
927,김말이,115
928,오징어튀김,117
929,찹쌀콩멸치볶음,101
930,배추김치,28
931,흑미밥,140
932,어묵국,172
933,떡볶이,141
934,김말이,115
935,오징어튀김,117
936,찹쌀콩멸치볶음,0
937,배추김치,28
938,흑미밥,187
939,어묵국,229
940,떡볶이,141
941,김말이,115
942,오징어튀김,117
943,찹쌀콩멸치볶음,127
944,배추김치,28
945,흑미밥,187
946,어묵국,286
947,떡볶이,113
948,김말이,115
949,오징어튀김,94
950,찹쌀콩멸치볶음,76
951,배추김치,28
952,흑미밥,140
953,어묵국,229
954,떡볶이,85
955,김말이,115
956,오징어튀김,117
957,찹쌀콩멸치볶음,101
958,배추김치,28
959,흑미밥,140
960,어묵국,229
961,떡볶이,56
962,김말이,115
963,오징어튀김,23
964,찹쌀콩멸치볶음,25
965,배추김치,28
966,흑미밥,93
967,어묵국,229
968,떡볶이,56
969,김말이,0
970,오징어튀김,94
971,찹쌀콩멸치볶음,50
972,배추김치,28
973,흑미밥,140
974,어묵국,172
975,떡볶이,56
976,김말이,0
977,오징어튀김,117
978,찹쌀콩멸치볶음,101
979,배추김치,28
980,흑미밥,93
981,어묵국,172
982,떡볶이,113
983,김말이,115
984,오징어튀김,94
985,찹쌀콩멸치볶음,76
986,배추김치,28
987,흑미밥,93
988,어묵국,229
989,떡볶이,141
990,김말이,115
991,오징어튀김,117
992,찹쌀콩멸치볶음,127
993,배추김치,28
994,흑미밥,140
995,어묵국,172
996,떡볶이,141
997,김말이,115
998,오징어튀김,70
999,찹쌀콩멸치볶음,101
1000,배추김치,5
1001,흑미밥,187
1002,어묵국,229
1003,떡볶이,113
1004,김말이,115
1005,오징어튀김,117
1006,찹쌀콩멸치볶음,127
1007,배추김치,28
1008,흑미밥,234
1009,어묵국,229
1010,떡볶이,141
1011,김말이,115
1012,오징어튀김,117
1013,찹쌀콩멸치볶음,101
1014,배추김치,28
1015,흑미밥,140
1016,어묵국,229
1017,떡볶이,113
1018,김말이,115
1019,오징어튀김,117
1020,흑미밥,140
1021,어묵국,229
1022,떡볶이,113
1023,김말이,115
1024,오징어튀김,70
1025,찹쌀콩멸치볶음,101
1026,배추김치,5
1027,흑미밥,187
1028,어묵국,229
1029,떡볶이,0
1030,김말이,69
1031,오징어튀김,117
1032,찹쌀콩멸치볶음,0
1033,배추김치,28
1034,흑미밥,187
1035,어묵국,286
1036,떡볶이,141
1037,김말이,115
1038,오징어튀김,117
1039,찹쌀콩멸치볶음,127
1040,배추김치,11
1041,흑미밥,187
1042,어묵국,229
1043,떡볶이,141
1044,김말이,69
1045,오징어튀김,117
1046,찹쌀콩멸치볶음,127
1047,배추김치,28
1048,흑미밥,93
1049,어묵국,229
1050,떡볶이,28
1051,김말이,92
1052,오징어튀김,117
1053,찹쌀콩멸치볶음,50
1054,배추김치,0
1055,흑미밥,187
1056,어묵국,286
1057,떡볶이,85
1058,김말이,115
1059,오징어튀김,94
1060,찹쌀콩멸치볶음,76
1061,배추김치,28
1062,흑미밥,93
1063,어묵국,229
1064,떡볶이,85
1065,김말이,92
1066,찹쌀콩멸치볶음,101
1067,배추김치,28
1068,흑미밥,140
1069,어묵국,0
1070,떡볶이,85
1071,김말이,92
1072,오징어튀김,47
1073,찹쌀콩멸치볶음,101
1074,배추김치,11
1075,흑미밥,140
1076,어묵국,229
1077,떡볶이,113
1078,김말이,115
1079,오징어튀김,117
1080,찹쌀콩멸치볶음,101
1081,배추김치,28
1082,흑미밥,93
1083,어묵국,286
1084,떡볶이,141
1085,김말이,115
1086,오징어튀김,117
1087,찹쌀콩멸치볶음,127
1088,배추김치,28
1089,흑미밥,140
1090,어묵국,229
1091,떡볶이,141
1092,김말이,115
1093,오징어튀김,23
1094,찹쌀콩멸치볶음,127
1095,배추김치,22
1096,흑미밥,140
1097,어묵국,229
1098,떡볶이,113
1099,김말이,115
1100,오징어튀김,117
1101,찹쌀콩멸치볶음,101
1102,배추김치,28
1103,흑미밥,93
1104,어묵국,114
1105,떡볶이,85
1106,김말이,115
1107,찹쌀콩멸치볶음,50
1108,배추김치,0
1109,흑미밥,46
1110,어묵국,229
1111,떡볶이,56
1112,김말이,92
1113,오징어튀김,117
1114,찹쌀콩멸치볶음,101
1115,배추김치,22
1116,흑미밥,140
1117,어묵국,172
1118,떡볶이,113
1119,김말이,115
1120,오징어튀김,117
1121,찹쌀콩멸치볶음,25
1122,배추김치,22
1123,흑미밥,140
1124,어묵국,172
1125,떡볶이,85
1126,김말이,115
1127,오징어튀김,117
1128,찹쌀콩멸치볶음,76
1129,배추김치,28
1130,흑미밥,140
1131,어묵국,57
1132,떡볶이,85
1133,김말이,115
1134,오징어튀김,94
1135,찹쌀콩멸치볶음,76
1136,배추김치,28
1137,흑미밥,140
1138,어묵국,229
1139,떡볶이,113
1140,김말이,92
1141,오징어튀김,70
1142,찹쌀콩멸치볶음,127
1143,배추김치,28
1144,흑미밥,140
1145,어묵국,114
1146,떡볶이,56
1147,김말이,115
1148,오징어튀김,70
1149,찹쌀콩멸치볶음,127
1150,배추김치,28
1151,흑미밥,140
1152,어묵국,172
1153,떡볶이,85
1154,김말이,92
1155,오징어튀김,117
1156,찹쌀콩멸치볶음,127
1157,배추김치,5
1158,흑미밥,140
1159,어묵국,229
1160,떡볶이,113
1161,김말이,92
1162,오징어튀김,117
1163,찹쌀콩멸치볶음,127
1164,배추김치,28
1165,흑미밥,140
1166,어묵국,172
1167,떡볶이,85
1168,김말이,115
1169,오징어튀김,117
1170,찹쌀콩멸치볶음,127
1171,배추김치,28
1172,흑미밥,140
1173,어묵국,229
1174,떡볶이,141
1175,김말이,115
1176,오징어튀김,70
1177,찹쌀콩멸치볶음,127
1178,배추김치,28
1179,흑미밥,140
1180,어묵국,229
1181,떡볶이,85
1182,김말이,92
1183,오징어튀김,117
1184,찹쌀콩멸치볶음,127
1185,배추김치,28
1186,흑미밥,187
1187,어묵국,286
1188,떡볶이,141
1189,김말이,115
1190,오징어튀김,94
1191,찹쌀콩멸치볶음,127
1192,배추김치,28
1193,흑미밥,187
1194,어묵국,229
1195,떡볶이,141
1196,김말이,115
1197,오징어튀김,117
1198,찹쌀콩멸치볶음,101
1199,배추김치,28
1200,흑미밥,140
1201,어묵국,229
1202,떡볶이,85
1203,김말이,92
1204,오징어튀김,94
1205,찹쌀콩멸치볶음,101
1206,배추김치,5
1207,흑미밥,140
1208,어묵국,286
1209,떡볶이,141
1210,김말이,115
1211,오징어튀김,117
1212,찹쌀콩멸치볶음,101
1213,배추김치,28
1214,흑미밥,140
1215,어묵국,229
1216,떡볶이,85
1217,김말이,115
1218,오징어튀김,117
1219,찹쌀콩멸치볶음,101
1220,배추김치,28
1221,흑미밥,140
1222,어묵국,229
1223,떡볶이,85
1224,김말이,115
1225,오징어튀김,117
1226,찹쌀콩멸치볶음,101
1227,배추김치,17
1228,흑미밥,187
1229,어묵국,229
1230,떡볶이,113
1231,김말이,92
1232,오징어튀김,94
1233,찹쌀콩멸치볶음,50
1234,배추김치,0
1235,흑미밥,140
1236,어묵국,286
1237,떡볶이,141
1238,김말이,92
1239,오징어튀김,70
1240,찹쌀콩멸치볶음,127
1241,배추김치,28
1242,흑미밥,140
1243,어묵국,229
1244,떡볶이,141
1245,김말이,115
1246,오징어튀김,70
1247,찹쌀콩멸치볶음,127
1248,배추김치,28
1249,흑미밥,140
1250,어묵국,229
1251,떡볶이,85
1252,김말이,115
1253,오징어튀김,117
1254,찹쌀콩멸치볶음,127
1255,배추김치,28
1256,흑미밥,93
1257,어묵국,229
1258,떡볶이,141
1259,김말이,115
1260,오징어튀김,94
1261,찹쌀콩멸치볶음,127
1262,배추김치,0
1263,흑미밥,140
1264,어묵국,229
1265,떡볶이,113
1266,김말이,115
1267,오징어튀김,117
1268,찹쌀콩멸치볶음,127
1269,배추김치,28
1270,흑미밥,140
1271,어묵국,229
1272,떡볶이,113
1273,김말이,115
1274,오징어튀김,94
1275,찹쌀콩멸치볶음,101
1276,배추김치,22
1277,흑미밥,140
1278,어묵국,172
1279,떡볶이,141
1280,김말이,115
1281,오징어튀김,117
1282,찹쌀콩멸치볶음,127
1283,배추김치,28
1284,흑미밥,140
1285,어묵국,286
1286,떡볶이,85
1287,김말이,115
1288,오징어튀김,117
1289,찹쌀콩멸치볶음,127
1290,배추김치,28
1291,흑미밥,140
1292,어묵국,229
1293,떡볶이,85
1294,김말이,92
1295,오징어튀김,117
1296,찹쌀콩멸치볶음,101
1297,배추김치,28
1298,흑미밥,140
1299,어묵국,286
1300,떡볶이,113
1301,김말이,115
1302,오징어튀김,70
1303,찹쌀콩멸치볶음,0
1304,배추김치,28
1305,흑미밥,187
1306,어묵국,57
1307,떡볶이,141
1308,김말이,115
1309,오징어튀김,117
1310,찹쌀콩멸치볶음,50
1311,배추김치,28
1312,흑미밥,140
1313,어묵국,286
1314,떡볶이,141
1315,김말이,115
1316,오징어튀김,117
1317,찹쌀콩멸치볶음,101
1318,배추김치,28
1319,흑미밥,140
1320,어묵국,229
1321,떡볶이,56
1322,김말이,92
1323,오징어튀김,117
1324,찹쌀콩멸치볶음,101
1325,배추김치,28
1326,흑미밥,140
1327,어묵국,172
1328,떡볶이,85
1329,김말이,46
1330,오징어튀김,117
1331,찹쌀콩멸치볶음,127
1332,배추김치,28
1333,흑미밥,93
1334,어묵국,229
1335,떡볶이,56
1336,김말이,115
1337,오징어튀김,94
1338,찹쌀콩멸치볶음,127
1339,배추김치,5
1340,흑미밥,93
1341,어묵국,172
1342,떡볶이,28
1343,오징어튀김,94
1344,찹쌀콩멸치볶음,101
1345,배추김치,28
1346,흑미밥,140
1347,어묵국,57
1348,떡볶이,56
1349,김말이,69
1350,오징어튀김,117
1351,찹쌀콩멸치볶음,25
1352,배추김치,0
1353,흑미밥,140
1354,어묵국,114
1355,떡볶이,85
1356,김말이,115
1357,오징어튀김,117
1358,찹쌀콩멸치볶음,101
1359,배추김치,28
1360,흑미밥,140
1361,어묵국,229
1362,떡볶이,113
1363,김말이,115
1364,오징어튀김,23
1365,찹쌀콩멸치볶음,127
1366,배추김치,28
1367,흑미밥,140
1368,어묵국,172
1369,떡볶이,85
1370,김말이,23
1371,오징어튀김,117
1372,찹쌀콩멸치볶음,127
1373,배추김치,28
1374,흑미밥,187
1375,어묵국,286
1376,떡볶이,141
1377,김말이,115
1378,오징어튀김,117
1379,찹쌀콩멸치볶음,127
1380,배추김치,28
1381,흑미밥,140
1382,어묵국,172
1383,떡볶이,85
1384,김말이,115
1385,오징어튀김,117
1386,찹쌀콩멸치볶음,101
1387,배추김치,28
1388,흑미밥,140
1389,어묵국,229
1390,떡볶이,141
1391,김말이,115
1392,오징어튀김,117
1393,찹쌀콩멸치볶음,101
1394,배추김치,28
1395,흑미밥,140
1396,어묵국,229
1397,떡볶이,85
1398,김말이,115
1399,오징어튀김,117
1400,찹쌀콩멸치볶음,25
1401,배추김치,28
1402,흑미밥,187
1403,어묵국,229
1404,떡볶이,113
1405,김말이,92
1406,오징어튀김,117
1407,찹쌀콩멸치볶음,127
1408,배추김치,28
1409,흑미밥,140
1410,어묵국,229
1411,떡볶이,85
1412,김말이,115
1413,오징어튀김,117
1414,찹쌀콩멸치볶음,76
1415,배추김치,11
1416,흑미밥,187
1417,어묵국,229
1418,떡볶이,141
1419,김말이,115
1420,오징어튀김,47
1421,찹쌀콩멸치볶음,0
1422,배추김치,28
1423,흑미밥,140
1424,어묵국,172
1425,떡볶이,85
1426,김말이,92
1427,오징어튀김,117
1428,찹쌀콩멸치볶음,25
1429,배추김치,11
1430,흑미밥,140
1431,어묵국,172
1432,떡볶이,56
1433,김말이,92
1434,오징어튀김,117
1435,찹쌀콩멸치볶음,101
1436,배추김치,28
1437,흑미밥,140
1438,어묵국,172
1439,떡볶이,85
1440,김말이,69
1441,오징어튀김,70
1442,찹쌀콩멸치볶음,127
1443,배추김치,28
1444,흑미밥,46
1445,어묵국,172
1446,떡볶이,113
1447,김말이,115
1448,오징어튀김,94
1449,찹쌀콩멸치볶음,127
1450,배추김치,5
1451,흑미밥,140
1452,어묵국,114
1453,떡볶이,56
1454,김말이,92
1455,오징어튀김,94
1456,찹쌀콩멸치볶음,50
1457,배추김치,5
1458,흑미밥,140
1459,어묵국,114
1460,떡볶이,56
1461,김말이,115
1462,오징어튀김,117
1463,찹쌀콩멸치볶음,0
1464,배추김치,5
1465,흑미밥,140
1466,어묵국,229
1467,떡볶이,56
1468,김말이,115
1469,오징어튀김,117
1470,찹쌀콩멸치볶음,0
1471,배추김치,5
1472,흑미밥,93
1473,어묵국,114
1474,떡볶이,85
1475,김말이,115
1476,오징어튀김,117
1477,찹쌀콩멸치볶음,127
1478,배추김치,0
1479,흑미밥,140
1480,어묵국,172
1481,떡볶이,28
1482,김말이,115
1483,찹쌀콩멸치볶음,25
1484,배추김치,5
1485,흑미밥,140
1486,어묵국,114
1487,떡볶이,85
1488,김말이,115
1489,오징어튀김,117
1490,찹쌀콩멸치볶음,101
1491,배추김치,28
1492,흑미밥,140
1493,어묵국,172
1494,떡볶이,56
1495,김말이,115
1496,오징어튀김,23
1497,찹쌀콩멸치볶음,25
1498,배추김치,28
1499,흑미밥,140
1500,어묵국,172
1501,떡볶이,85
1502,김말이,115
1503,오징어튀김,117
1504,찹쌀콩멸치볶음,0
1505,배추김치,28
1506,흑미밥,140
1507,어묵국,172
1508,떡볶이,85
1509,김말이,115
1510,오징어튀김,117
1511,찹쌀콩멸치볶음,76
1512,배추김치,5
1513,흑미밥,93
1514,어묵국,57
1515,떡볶이,56
1516,김말이,92
1517,오징어튀김,94
1518,찹쌀콩멸치볶음,76
1519,배추김치,28
1520,흑미밥,140
1521,어묵국,172
1522,떡볶이,56
1523,김말이,0
1524,오징어튀김,0
1525,찹쌀콩멸치볶음,50
1526,배추김치,17
1527,흑미밥,140
1528,어묵국,57
1529,떡볶이,28
1530,김말이,92
1531,오징어튀김,47
1532,찹쌀콩멸치볶음,101
1533,배추김치,28
1534,흑미밥,140
1535,어묵국,114
1536,떡볶이,56
1537,오징어튀김,117
1538,찹쌀콩멸치볶음,76
1539,배추김치,28
1540,흑미밥,140
1541,어묵국,114
1542,떡볶이,56
1543,오징어튀김,117
1544,찹쌀콩멸치볶음,101
1545,배추김치,28
1546,흑미밥,140
1547,어묵국,229
1548,떡볶이,85
1549,김말이,115
1550,오징어튀김,94
1551,찹쌀콩멸치볶음,127
1552,배추김치,28
1553,흑미밥,140
1554,어묵국,172
1555,떡볶이,28
1556,김말이,115
1557,오징어튀김,70
1558,찹쌀콩멸치볶음,127
1559,배추김치,11
1560,흑미밥,140
1561,어묵국,172
1562,떡볶이,85
1563,김말이,69
1564,오징어튀김,70
1565,찹쌀콩멸치볶음,50
1566,배추김치,28
1567,흑미밥,140
1568,어묵국,114
1569,떡볶이,56
1570,김말이,92
1571,오징어튀김,117
1572,찹쌀콩멸치볶음,101
1573,배추김치,28
1574,흑미밥,140
1575,어묵국,57
1576,떡볶이,85
1577,김말이,92
1578,오징어튀김,47
1579,찹쌀콩멸치볶음,101
1580,배추김치,11
1581,흑미밥,93
1582,떡볶이,56
1583,김말이,115
1584,오징어튀김,94
1585,찹쌀콩멸치볶음,127
1586,배추김치,5
1587,흑미밥,140
1588,떡볶이,141
1589,김말이,115
1590,오징어튀김,117
1591,찹쌀콩멸치볶음,76
1592,배추김치,28
1593,흑미밥,93
1594,어묵국,114
1595,떡볶이,28
1596,김말이,115
1597,오징어튀김,117
1598,찹쌀콩멸치볶음,50
1599,배추김치,5
1600,흑미밥,140
1601,어묵국,114
1602,떡볶이,113
1603,김말이,115
1604,오징어튀김,117
1605,찹쌀콩멸치볶음,101
1606,배추김치,17
1607,흑미밥,140
1608,어묵국,172
1609,떡볶이,0
1610,김말이,115
1611,오징어튀김,117
1612,찹쌀콩멸치볶음,127
1613,배추김치,28
1614,흑미밥,140
1615,어묵국,229
1616,떡볶이,85
1617,김말이,115
1618,오징어튀김,117
1619,찹쌀콩멸치볶음,127
1620,배추김치,28
1621,흑미밥,140
1622,어묵국,114
1623,떡볶이,85
1624,김말이,92
1625,오징어튀김,70
1626,찹쌀콩멸치볶음,50
1627,배추김치,22
1628,흑미밥,140
1629,어묵국,286
1630,떡볶이,85
1631,김말이,115
1632,오징어튀김,117
1633,찹쌀콩멸치볶음,127
1634,배추김치,28
1635,흑미밥,140
1636,어묵국,172
1637,떡볶이,113
1638,김말이,115
1639,오징어튀김,117
1640,찹쌀콩멸치볶음,127
1641,배추김치,28
1642,흑미밥,187
1643,어묵국,229
1644,떡볶이,56
1645,김말이,92
1646,오징어튀김,117
1647,찹쌀콩멸치볶음,25
1648,배추김치,28
1649,흑미밥,140
1650,어묵국,229
1651,떡볶이,56
1652,김말이,92
1653,오징어튀김,117
1654,찹쌀콩멸치볶음,50
1655,배추김치,11
1656,흑미밥,140
1657,어묵국,172
1658,떡볶이,56
1659,김말이,92
1660,오징어튀김,23
1661,찹쌀콩멸치볶음,101
1662,배추김치,28
1663,흑미밥,140
1664,어묵국,172
1665,떡볶이,85
1666,김말이,115
1667,오징어튀김,117
1668,찹쌀콩멸치볶음,127
1669,배추김치,28
1670,흑미밥,140
1671,어묵국,172
1672,떡볶이,141
1673,김말이,115
1674,오징어튀김,117
1675,찹쌀콩멸치볶음,127
1676,배추김치,28
1677,흑미밥,140
1678,어묵국,229
1679,떡볶이,113
1680,김말이,115
1681,오징어튀김,117
1682,찹쌀콩멸치볶음,127
1683,배추김치,28
1684,흑미밥,140
1685,어묵국,172
1686,떡볶이,56
1687,김말이,115
1688,오징어튀김,117
1689,찹쌀콩멸치볶음,50
1690,배추김치,28
1691,흑미밥,140
1692,어묵국,57
1693,떡볶이,113
1694,김말이,115
1695,오징어튀김,70
1696,찹쌀콩멸치볶음,0
1697,배추김치,28
1698,흑미밥,93
1699,어묵국,0
1700,떡볶이,85
1701,김말이,46
1702,오징어튀김,117
1703,찹쌀콩멸치볶음,127
1704,배추김치,5
1705,흑미밥,140
1706,어묵국,114
1707,떡볶이,56
1708,김말이,92
1709,오징어튀김,94
1710,찹쌀콩멸치볶음,101
1711,배추김치,11
1712,흑미밥,140
1713,어묵국,172
1714,떡볶이,85
1715,김말이,115
1716,오징어튀김,117
1717,찹쌀콩멸치볶음,76
1718,배추김치,28
1719,흑미밥,140
1720,어묵국,0
1721,떡볶이,85
1722,김말이,115
1723,오징어튀김,70
1724,찹쌀콩멸치볶음,76
1725,배추김치,17
1726,흑미밥,93
1727,어묵국,0
1728,떡볶이,56
1729,김말이,92
1730,오징어튀김,47
1731,찹쌀콩멸치볶음,50
1732,배추김치,28
1733,흑미밥,93
1734,어묵국,172
1735,떡볶이,56
1736,김말이,92
1737,오징어튀김,23
1738,찹쌀콩멸치볶음,25
1739,배추김치,28
1740,흑미밥,140
1741,어묵국,172
1742,떡볶이,56
1743,오징어튀김,47
1744,찹쌀콩멸치볶음,76
1745,배추김치,22
1746,흑미밥,93
1747,어묵국,57
1748,떡볶이,85
1749,김말이,23
1750,오징어튀김,117
1751,찹쌀콩멸치볶음,25
1752,배추김치,11
1753,흑미밥,140
1754,어묵국,286
1755,떡볶이,113
1756,김말이,115
1757,오징어튀김,94
1758,찹쌀콩멸치볶음,127
1759,배추김치,28
1760,흑미밥,93
1761,어묵국,172
1762,떡볶이,85
1763,김말이,115
1764,오징어튀김,47
1765,찹쌀콩멸치볶음,101
1766,배추김치,28
1767,흑미밥,140
1768,어묵국,114
1769,떡볶이,56
1770,김말이,92
1771,찹쌀콩멸치볶음,25
1772,배추김치,17
1773,흑미밥,93
1774,어묵국,0
1775,떡볶이,28
1776,김말이,92
1777,오징어튀김,70
1778,찹쌀콩멸치볶음,101
1779,배추김치,28
1780,흑미밥,140
1781,어묵국,286
1782,떡볶이,113
1783,김말이,115
1784,오징어튀김,117
1785,찹쌀콩멸치볶음,127
1786,배추김치,28
1787,흑미밥,140
1788,어묵국,172
1789,떡볶이,85
1790,김말이,115
1791,오징어튀김,23
1792,찹쌀콩멸치볶음,127
1793,배추김치,17
1794,흑미밥,140
1795,어묵국,172
1796,떡볶이,56
1797,김말이,92
1798,오징어튀김,117
1799,찹쌀콩멸치볶음,101
1800,배추김치,28
1801,흑미밥,140
1802,어묵국,286
1803,떡볶이,56
1804,김말이,115
1805,오징어튀김,70
1806,찹쌀콩멸치볶음,127
1807,배추김치,28
1808,흑미밥,46
1809,어묵국,172
1810,떡볶이,85
1811,김말이,92
1812,오징어튀김,47
1813,찹쌀콩멸치볶음,50
1814,배추김치,5
1815,흑미밥,140
1816,어묵국,114
1817,떡볶이,28
1818,오징어튀김,94
1819,찹쌀콩멸치볶음,50
1820,배추김치,5
1821,흑미밥,140
1822,어묵국,114
1823,떡볶이,113
1824,김말이,0
1825,오징어튀김,94
1826,찹쌀콩멸치볶음,0
1827,배추김치,28
1828,흑미밥,140
1829,어묵국,114
1830,떡볶이,56
1831,김말이,92
1832,오징어튀김,94
1833,찹쌀콩멸치볶음,101
1834,배추김치,28
1835,흑미밥,140
1836,어묵국,114
1837,떡볶이,85
1838,김말이,115
1839,오징어튀김,117
1840,찹쌀콩멸치볶음,127
1841,배추김치,5
1842,흑미밥,140
1843,어묵국,172
1844,떡볶이,56
1845,김말이,115
1846,오징어튀김,70
1847,찹쌀콩멸치볶음,25
1848,배추김치,5
1849,흑미밥,140
1850,어묵국,286
1851,떡볶이,56
1852,김말이,92
1853,오징어튀김,47
1854,찹쌀콩멸치볶음,50
1855,배추김치,28
1856,흑미밥,140
1857,어묵국,229
1858,떡볶이,56
1859,오징어튀김,47
1860,찹쌀콩멸치볶음,76
1861,배추김치,22
1862,흑미밥,140
1863,어묵국,172
1864,떡볶이,56
1865,김말이,115
1866,오징어튀김,117
1867,찹쌀콩멸치볶음,101
1868,배추김치,28
1869,흑미밥,93
1870,어묵국,172
1871,떡볶이,56
1872,김말이,115
1873,오징어튀김,94
1874,찹쌀콩멸치볶음,101
1875,배추김치,28
1876,흑미밥,93
1877,어묵국,172
1878,떡볶이,56
1879,김말이,0
1880,오징어튀김,47
1881,찹쌀콩멸치볶음,101
1882,배추김치,5
1883,흑미밥,140
1884,어묵국,172
1885,떡볶이,28
1886,김말이,92
1887,오징어튀김,117
1888,찹쌀콩멸치볶음,50
1889,배추김치,28
1890,흑미밥,140
1891,어묵국,114
1892,떡볶이,85
1893,오징어튀김,70
1894,찹쌀콩멸치볶음,76
1895,배추김치,0
1896,흑미밥,46
1897,어묵국,114
1898,떡볶이,56
1899,김말이,23
1900,오징어튀김,70
1901,찹쌀콩멸치볶음,50
1902,배추김치,17
1903,흑미밥,93
1904,어묵국,229
1905,떡볶이,113
1906,김말이,115
1907,오징어튀김,117
1908,찹쌀콩멸치볶음,101
1909,배추김치,28
1910,흑미밥,140
1911,어묵국,172
1912,떡볶이,56
1913,김말이,92
1914,오징어튀김,94
1915,찹쌀콩멸치볶음,127
1916,배추김치,17
1917,흑미밥,140
1918,어묵국,229
1919,떡볶이,85
1920,김말이,92
1921,오징어튀김,117
1922,찹쌀콩멸치볶음,101
1923,배추김치,28
1924,흑미밥,140
1925,어묵국,172
1926,김말이,92
1927,오징어튀김,70
1928,찹쌀콩멸치볶음,50
1929,배추김치,11
1930,흑미밥,140
1931,어묵국,229
1932,떡볶이,0
1933,김말이,115
1934,오징어튀김,117
1935,찹쌀콩멸치볶음,50
1936,배추김치,28
1937,흑미밥,140
1938,어묵국,172
1939,떡볶이,85
1940,김말이,92
1941,찹쌀콩멸치볶음,76
1942,배추김치,28
1943,흑미밥,140
1944,어묵국,172
1945,떡볶이,85
1946,김말이,0
1947,오징어튀김,23
1948,찹쌀콩멸치볶음,127
1949,배추김치,28
1950,흑미밥,140
1951,어묵국,114
1952,떡볶이,28
1953,김말이,115
1954,오징어튀김,94
1955,찹쌀콩멸치볶음,127
1956,배추김치,28
1957,흑미밥,140
1958,어묵국,229
1959,떡볶이,28
1960,김말이,115
1961,오징어튀김,117
1962,찹쌀콩멸치볶음,25
1963,배추김치,28
1964,흑미밥,140
1965,어묵국,0
1966,김말이,92
1967,오징어튀김,70
1968,찹쌀콩멸치볶음,25
1969,배추김치,0
1970,흑미밥,140
1971,어묵국,114
1972,떡볶이,56
1973,김말이,115
1974,오징어튀김,94
1975,찹쌀콩멸치볶음,76
1976,배추김치,0
1977,흑미밥,140
1978,어묵국,114
1979,떡볶이,85
1980,김말이,92
1981,오징어튀김,117
1982,찹쌀콩멸치볶음,127
1983,배추김치,28
1984,흑미밥,140
1985,어묵국,172
1986,떡볶이,28
1987,김말이,23
1988,오징어튀김,94
1989,찹쌀콩멸치볶음,25
1990,배추김치,28
1991,흑미밥,140
1992,어묵국,172
1993,떡볶이,85
1994,김말이,115
1995,오징어튀김,117
1996,찹쌀콩멸치볶음,76
1997,배추김치,22
1998,흑미밥,140
1999,어묵국,0
2000,떡볶이,56
2001,김말이,92
2002,오징어튀김,94
2003,찹쌀콩멸치볶음,101
2004,배추김치,28
2005,흑미밥,140
2006,어묵국,172
2007,떡볶이,56
2008,김말이,92
2009,오징어튀김,94
2010,찹쌀콩멸치볶음,101
2011,배추김치,28
2012,흑미밥,140
2013,어묵국,172
2014,떡볶이,85
2015,김말이,92
2016,오징어튀김,117
2017,찹쌀콩멸치볶음,127
2018,배추김치,28
2019,흑미밥,93
2020,어묵국,172
2021,떡볶이,28
2022,김말이,115
2023,오징어튀김,117
2024,찹쌀콩멸치볶음,127
2025,배추김치,0
2026,흑미밥,140
2027,어묵국,114
2028,떡볶이,85
2029,김말이,115
2030,오징어튀김,117
2031,찹쌀콩멸치볶음,101
2032,배추김치,28
2033,흑미밥,140
2034,어묵국,172
2035,떡볶이,56
2036,김말이,92
2037,오징어튀김,70
2038,찹쌀콩멸치볶음,101
2039,배추김치,28
2040,흑미밥,93
2041,어묵국,0
2042,떡볶이,141
2043,김말이,115
2044,오징어튀김,23
2045,찹쌀콩멸치볶음,76
2046,배추김치,0
2047,흑미밥,140
2048,떡볶이,113
2049,김말이,115
2050,오징어튀김,70
2051,찹쌀콩멸치볶음,76
2052,배추김치,28
2053,흑미밥,140
2054,어묵국,172
2055,떡볶이,56
2056,오징어튀김,94
2057,찹쌀콩멸치볶음,25
2058,배추김치,5
2059,흑미밥,140
2060,어묵국,172
2061,떡볶이,85
2062,김말이,115
2063,오징어튀김,117
2064,배추김치,5
2065,흑미밥,46
2066,어묵국,172
2067,떡볶이,85
2068,김말이,92
2069,오징어튀김,23
2070,찹쌀콩멸치볶음,127
2071,배추김치,5
2072,흑미밥,140
2073,어묵국,172
2074,떡볶이,85
2075,김말이,92
2076,오징어튀김,117
2077,찹쌀콩멸치볶음,76
2078,배추김치,28
2079,흑미밥,140
2080,어묵국,172
2081,떡볶이,56
2082,김말이,92
2083,오징어튀김,70
2084,찹쌀콩멸치볶음,76
2085,배추김치,22
2086,흑미밥,93
2087,어묵국,172
2088,떡볶이,56
2089,김말이,92
2090,오징어튀김,94
2091,찹쌀콩멸치볶음,101
2092,배추김치,5
2093,흑미밥,0
2094,어묵국,172
2095,떡볶이,56
2096,김말이,115
2097,오징어튀김,0
2098,찹쌀콩멸치볶음,25
2099,배추김치,28
2100,흑미밥,140
2101,어묵국,172
2102,떡볶이,56
2103,김말이,92
2104,오징어튀김,117
2105,찹쌀콩멸치볶음,101
2106,배추김치,28
2107,흑미밥,93
2108,어묵국,172
2109,떡볶이,56
2110,김말이,92
2111,오징어튀김,94
2112,찹쌀콩멸치볶음,76
2113,배추김치,28
2114,흑미밥,140
2115,어묵국,172
2116,떡볶이,85
2117,김말이,46
2118,오징어튀김,94
2119,찹쌀콩멸치볶음,101
2120,배추김치,17
2121,흑미밥,140
2122,어묵국,172
2123,떡볶이,56
2124,김말이,23
2125,오징어튀김,23
2126,찹쌀콩멸치볶음,127
2127,배추김치,28
2128,흑미밥,93
2129,어묵국,172
2130,떡볶이,85
2131,김말이,0
2132,오징어튀김,117
2133,찹쌀콩멸치볶음,101
2134,배추김치,28
2135,흑미밥,140
2136,어묵국,0
2137,오징어튀김,47
2138,찹쌀콩멸치볶음,76
2139,배추김치,28
2140,흑미밥,140
2141,어묵국,57
2142,떡볶이,85
2143,김말이,115
2144,오징어튀김,0
2145,찹쌀콩멸치볶음,127
2146,배추김치,28
2147,흑미밥,140
2148,어묵국,172
2149,떡볶이,56
2150,김말이,92
2151,오징어튀김,0
2152,찹쌀콩멸치볶음,25
2153,배추김치,28
2154,흑미밥,140
2155,어묵국,172
2156,떡볶이,56
2157,김말이,23
2158,오징어튀김,94
2159,찹쌀콩멸치볶음,25
2160,배추김치,11
2161,흑미밥,140
2162,어묵국,172
2163,떡볶이,28
2164,김말이,92
2165,오징어튀김,117
2166,찹쌀콩멸치볶음,50
2167,배추김치,11
2168,흑미밥,93
2169,어묵국,172
2170,떡볶이,56
2171,김말이,92
2172,오징어튀김,94
2173,찹쌀콩멸치볶음,101
2174,배추김치,22
2175,흑미밥,140
2176,어묵국,172
2177,떡볶이,56
2178,김말이,92
2179,오징어튀김,117
2180,찹쌀콩멸치볶음,101
2181,배추김치,28
2182,흑미밥,93
2183,어묵국,172
2184,떡볶이,56
2185,김말이,115
2186,오징어튀김,0
2187,찹쌀콩멸치볶음,101
2188,배추김치,28
2189,흑미밥,140
2190,어묵국,172
2191,떡볶이,56
2192,김말이,92
2193,오징어튀김,94
2194,찹쌀콩멸치볶음,25
2195,배추김치,5
2196,흑미밥,140
2197,어묵국,114
2198,떡볶이,56
2199,김말이,92
2200,오징어튀김,117
2201,찹쌀콩멸치볶음,101
2202,배추김치,28
2203,흑미밥,187
2204,어묵국,172
2205,떡볶이,85
2206,김말이,115
2207,오징어튀김,117
2208,찹쌀콩멸치볶음,127
2209,배추김치,28
2210,흑미밥,140
2211,어묵국,172
2212,떡볶이,56
2213,오징어튀김,117
2214,찹쌀콩멸치볶음,76
2215,배추김치,5
2216,흑미밥,140
2217,어묵국,172
2218,떡볶이,56
2219,김말이,69
2220,오징어튀김,47
2221,찹쌀콩멸치볶음,76
2222,배추김치,28
2223,흑미밥,140
2224,어묵국,172
2225,떡볶이,56
2226,김말이,115
2227,오징어튀김,117
2228,찹쌀콩멸치볶음,101
2229,배추김치,0
2230,흑미밥,140
2231,어묵국,172
2232,떡볶이,28
2233,김말이,92
2234,오징어튀김,94
2235,찹쌀콩멸치볶음,25
2236,배추김치,28
2237,흑미밥,140
2238,어묵국,57
2239,떡볶이,56
2240,김말이,69
2241,오징어튀김,94
2242,찹쌀콩멸치볶음,25
2243,배추김치,11
2244,흑미밥,140
2245,어묵국,172
2246,떡볶이,85
2247,김말이,92
2248,오징어튀김,117
2249,찹쌀콩멸치볶음,127
2250,배추김치,28
2251,흑미밥,93
2252,어묵국,172
2253,떡볶이,85
2254,오징어튀김,70
2255,찹쌀콩멸치볶음,101
2256,배추김치,28
2257,흑미밥,0
2258,어묵국,229
2259,떡볶이,56
2260,김말이,92
2261,오징어튀김,0
2262,찹쌀콩멸치볶음,0
2263,배추김치,5
2264,흑미밥,93
2265,어묵국,172
2266,떡볶이,56
2267,김말이,92
2268,오징어튀김,23
2269,찹쌀콩멸치볶음,76
2270,배추김치,28
2271,흑미밥,93
2272,어묵국,172
2273,떡볶이,56
2274,김말이,92
2275,오징어튀김,94
2276,찹쌀콩멸치볶음,101
2277,배추김치,22
2278,흑미밥,93
2279,어묵국,0
2280,떡볶이,56
2281,김말이,46
2282,오징어튀김,23
2283,찹쌀콩멸치볶음,127
2284,배추김치,5
